N,precision@N,value@N,recovered£/day,EV£/day
49,0.12040816326530611,0.013857354983587394,3499.6215163338784,3205.6215163338784
58,0.12298850574712644,0.01639653150420389,4140.880746240597,3792.8807462405966
67,0.12437810945273632,0.018995722078704553,4797.296293821519,4395.296293821519
79,0.12362869198312236,0.023568064370509824,5952.023691899808,5478.023691899808
92,0.12500000000000003,0.02806466948351621,7087.623957792703,6535.623957792703
107,0.12616822429906543,0.03339918647888842,8434.835635516525,7792.835635516525
125,0.12586666666666668,0.039473946101638964,9968.99273169495,9218.99273169495
146,0.12876712328767123,0.04780257909733714,12072.356849011374,11196.356849011374
170,0.12431372549019608,0.05366272352841371,13552.313706875639,12532.313706875639
199,0.1268006700167504,0.06415374416595788,16201.780477044766,15007.780477044766
232,0.12701149425287359,0.07410780742440107,18715.640733598433,17323.640733598433
270,0.12444444444444445,0.08395160695083984,21201.65431021564,19581.65431021564
315,0.12402116402116402,0.0965768404198356,24390.10829361774,22500.10829361774
368,0.12038043478260871,0.1113621822596945,28124.089308783055,25916.089308783055
429,0.1177933177933178,0.12589615695145223,31794.588520888814,29220.588520888814
500,0.11453333333333332,0.14138425593617682,35706.04814058163,32706.04814058163
584,0.1115296803652968,0.1616982571421772,40836.2707398837,37332.2707398837
681,0.10910425844346547,0.1844668917145814,46586.40152180448,42500.40152180448
794,0.1047439126784215,0.20629283752192998,52098.459894574866,47334.459894574866
926,0.10143988480921527,0.23393078269876197,59078.31627572805,53522.31627572805
1000,0.09893333333333335,0.24716586686785874,62420.78569962024,56420.78569962024
1079,0.0967562557924004,0.2596385991034492,65570.72608512976,59096.72608512976
1259,0.09256023298914484,0.28982562838626313,73194.34381863373,65640.34381863373
1468,0.08855585831062669,0.32296897754085474,81564.56872534589,72756.56872534589
1712,0.08366433021806853,0.3516593188906421,88810.20369808053,78538.20369808053
1996,0.07870741482965932,0.38452320701656273,97109.85180062824,85133.85180062824
2000,0.07859999999999999,0.3847956916023957,97178.66673108068,85178.66673108068
2327,0.0737859905457671,0.4206442352153287,106232.07805709807,92270.07805709807
2714,0.06890198968312454,0.4578408594978119,115625.94195306835,99341.94195306835
3165,0.06394944707740916,0.4917075924076527,124178.85463514854,105188.85463514854
3690,0.05934959349593496,0.5340875664594014,134881.75350934447,112741.75350934447
4303,0.05456658145479897,0.576239851936495,145527.15051281327,119709.15051281327
5000,0.05004666666666666,0.617273727498758,155890.0974089811,125890.09740898109
5018,0.0499535007307028,0.618191303338996,156121.82764589632,126013.82764589632
5851,0.04557625477126417,0.6609118892659149,166910.7467345182,131804.7467345182
6823,0.04151643949386878,0.6990494475346816,176542.23987703284,135604.23987703284
7956,0.03759007876654937,0.7408627296905406,187102.02290016366,139366.02290016366
9277,0.03376091408860623,0.7782819973210454,196552.1145143477,140890.1145143477
10818,0.030202748505577123,0.8179567679057544,206571.82469412644,141663.82469412644
12614,0.026877543470218274,0.8470591232845754,213921.5122196567,138237.5122196567
14709,0.02384934393908492,0.8743413646709768,220811.53698143468,132557.53698143468
17151,0.021038617767671467,0.9001501378563341,227329.4430361351,124423.44303613511
20000,0.018510000000000002,0.9235783481089328,233246.14711034673,113246.14711034673
